<application>
  <component name="FileTypeManager" version="17">
    <extensionMap>
      <mapping pattern="SqlToConsoleJobConfig" type="JAVA" />
      <mapping ext="gradle.kts" type="Kotlin" />
      <mapping ext="main.kts" type="Kotlin" />
      <mapping pattern="md" type="PLAIN_TEXT" />
      <mapping pattern="pre-commit" type="PLAIN_TEXT" />
      <mapping pattern=".gitkeep" type="PLAIN_TEXT" />
      <mapping ext="bak" type="PLAIN_TEXT" />
      <mapping ext="propeties" type="PLAIN_TEXT" />
      <mapping ext="sonarqube" type="PLAIN_TEXT" />
      <mapping ext="template" type="PLAIN_TEXT" />
      <mapping pattern=".gitignore_global" type="Git file" />
    </extensionMap>
  </component>
</application>