<application>
  <component name="ProjectJdkTable">
    <jdk version="2">
      <name value="1.8" />
      <type value="JavaSDK" />
      <version value="java version &quot;1.8.0_211&quot;" />
      <homePath value="/Library/Java/JavaVirtualMachines/jdk1.8.0_211.jdk/Contents/Home" />
      <roots>
        <annotationsPath>
          <root type="composite">
            <root url="jar://$APPLICATION_HOME_DIR$/lib/jdkAnnotations.jar!/" type="simple" />
          </root>
        </annotationsPath>
        <classPath>
          <root type="composite">
            <root url="jar:///Library/Java/JavaVirtualMachines/jdk1.8.0_211.jdk/Contents/Home/jre/lib/charsets.jar!/" type="simple" />
            <root url="jar:///Library/Java/JavaVirtualMachines/jdk1.8.0_211.jdk/Contents/Home/jre/lib/deploy.jar!/" type="simple" />
            <root url="jar:///Library/Java/JavaVirtualMachines/jdk1.8.0_211.jdk/Contents/Home/jre/lib/ext/cldrdata.jar!/" type="simple" />
            <root url="jar:///Library/Java/JavaVirtualMachines/jdk1.8.0_211.jdk/Contents/Home/jre/lib/ext/dnsns.jar!/" type="simple" />
            <root url="jar:///Library/Java/JavaVirtualMachines/jdk1.8.0_211.jdk/Contents/Home/jre/lib/ext/jaccess.jar!/" type="simple" />
            <root url="jar:///Library/Java/JavaVirtualMachines/jdk1.8.0_211.jdk/Contents/Home/jre/lib/ext/jfxrt.jar!/" type="simple" />
            <root url="jar:///Library/Java/JavaVirtualMachines/jdk1.8.0_211.jdk/Contents/Home/jre/lib/ext/localedata.jar!/" type="simple" />
            <root url="jar:///Library/Java/JavaVirtualMachines/jdk1.8.0_211.jdk/Contents/Home/jre/lib/ext/nashorn.jar!/" type="simple" />
            <root url="jar:///Library/Java/JavaVirtualMachines/jdk1.8.0_211.jdk/Contents/Home/jre/lib/ext/sunec.jar!/" type="simple" />
            <root url="jar:///Library/Java/JavaVirtualMachines/jdk1.8.0_211.jdk/Contents/Home/jre/lib/ext/sunjce_provider.jar!/" type="simple" />
            <root url="jar:///Library/Java/JavaVirtualMachines/jdk1.8.0_211.jdk/Contents/Home/jre/lib/ext/sunpkcs11.jar!/" type="simple" />
            <root url="jar:///Library/Java/JavaVirtualMachines/jdk1.8.0_211.jdk/Contents/Home/jre/lib/ext/zipfs.jar!/" type="simple" />
            <root url="jar:///Library/Java/JavaVirtualMachines/jdk1.8.0_211.jdk/Contents/Home/jre/lib/javaws.jar!/" type="simple" />
            <root url="jar:///Library/Java/JavaVirtualMachines/jdk1.8.0_211.jdk/Contents/Home/jre/lib/jce.jar!/" type="simple" />
            <root url="jar:///Library/Java/JavaVirtualMachines/jdk1.8.0_211.jdk/Contents/Home/jre/lib/jfr.jar!/" type="simple" />
            <root url="jar:///Library/Java/JavaVirtualMachines/jdk1.8.0_211.jdk/Contents/Home/jre/lib/jfxswt.jar!/" type="simple" />
            <root url="jar:///Library/Java/JavaVirtualMachines/jdk1.8.0_211.jdk/Contents/Home/jre/lib/jsse.jar!/" type="simple" />
            <root url="jar:///Library/Java/JavaVirtualMachines/jdk1.8.0_211.jdk/Contents/Home/jre/lib/management-agent.jar!/" type="simple" />
            <root url="jar:///Library/Java/JavaVirtualMachines/jdk1.8.0_211.jdk/Contents/Home/jre/lib/plugin.jar!/" type="simple" />
            <root url="jar:///Library/Java/JavaVirtualMachines/jdk1.8.0_211.jdk/Contents/Home/jre/lib/resources.jar!/" type="simple" />
            <root url="jar:///Library/Java/JavaVirtualMachines/jdk1.8.0_211.jdk/Contents/Home/jre/lib/rt.jar!/" type="simple" />
            <root url="jar:///Library/Java/JavaVirtualMachines/jdk1.8.0_211.jdk/Contents/Home/lib/ant-javafx.jar!/" type="simple" />
            <root url="jar:///Library/Java/JavaVirtualMachines/jdk1.8.0_211.jdk/Contents/Home/lib/dt.jar!/" type="simple" />
            <root url="jar:///Library/Java/JavaVirtualMachines/jdk1.8.0_211.jdk/Contents/Home/lib/javafx-mx.jar!/" type="simple" />
            <root url="jar:///Library/Java/JavaVirtualMachines/jdk1.8.0_211.jdk/Contents/Home/lib/jconsole.jar!/" type="simple" />
            <root url="jar:///Library/Java/JavaVirtualMachines/jdk1.8.0_211.jdk/Contents/Home/lib/packager.jar!/" type="simple" />
            <root url="jar:///Library/Java/JavaVirtualMachines/jdk1.8.0_211.jdk/Contents/Home/lib/sa-jdi.jar!/" type="simple" />
            <root url="jar:///Library/Java/JavaVirtualMachines/jdk1.8.0_211.jdk/Contents/Home/lib/tools.jar!/" type="simple" />
          </root>
        </classPath>
        <javadocPath>
          <root type="composite" />
        </javadocPath>
        <sourcePath>
          <root type="composite">
            <root url="jar:///Library/Java/JavaVirtualMachines/jdk1.8.0_211.jdk/Contents/Home/src.zip!/" type="simple" />
            <root url="jar:///Library/Java/JavaVirtualMachines/jdk1.8.0_211.jdk/Contents/Home/javafx-src.zip!/" type="simple" />
          </root>
        </sourcePath>
      </roots>
      <additional />
    </jdk>
    <jdk version="2">
      <name value="Kotlin SDK" />
      <type value="KotlinSDK" />
      <version value="1.3.41" />
      <homePath value="$KOTLIN_BUNDLED$" />
      <roots>
        <annotationsPath>
          <root type="composite" />
        </annotationsPath>
        <classPath>
          <root type="composite" />
        </classPath>
        <javadocPath>
          <root type="composite" />
        </javadocPath>
        <sourcePath>
          <root type="composite" />
        </sourcePath>
      </roots>
      <additional />
    </jdk>
    <jdk version="2">
      <name value="1.8 (graal)" />
      <type value="JavaSDK" />
      <version value="java version &quot;1.8.0_252&quot;" />
      <homePath value="/Library/Java/JavaVirtualMachines/graalvm-ce-java8/Contents/Home" />
      <roots>
        <annotationsPath>
          <root type="composite">
            <root url="jar://$APPLICATION_HOME_DIR$/plugins/java/lib/jdkAnnotations.jar!/" type="simple" />
          </root>
        </annotationsPath>
        <classPath>
          <root type="composite">
            <root url="jar:///Library/Java/JavaVirtualMachines/graalvm-ce-java8/Contents/Home/jre/lib/charsets.jar!/" type="simple" />
            <root url="jar:///Library/Java/JavaVirtualMachines/graalvm-ce-java8/Contents/Home/jre/lib/ext/cldrdata.jar!/" type="simple" />
            <root url="jar:///Library/Java/JavaVirtualMachines/graalvm-ce-java8/Contents/Home/jre/lib/ext/dnsns.jar!/" type="simple" />
            <root url="jar:///Library/Java/JavaVirtualMachines/graalvm-ce-java8/Contents/Home/jre/lib/ext/jaccess.jar!/" type="simple" />
            <root url="jar:///Library/Java/JavaVirtualMachines/graalvm-ce-java8/Contents/Home/jre/lib/ext/localedata.jar!/" type="simple" />
            <root url="jar:///Library/Java/JavaVirtualMachines/graalvm-ce-java8/Contents/Home/jre/lib/ext/nashorn.jar!/" type="simple" />
            <root url="jar:///Library/Java/JavaVirtualMachines/graalvm-ce-java8/Contents/Home/jre/lib/ext/sunec.jar!/" type="simple" />
            <root url="jar:///Library/Java/JavaVirtualMachines/graalvm-ce-java8/Contents/Home/jre/lib/ext/sunjce_provider.jar!/" type="simple" />
            <root url="jar:///Library/Java/JavaVirtualMachines/graalvm-ce-java8/Contents/Home/jre/lib/ext/sunpkcs11.jar!/" type="simple" />
            <root url="jar:///Library/Java/JavaVirtualMachines/graalvm-ce-java8/Contents/Home/jre/lib/ext/zipfs.jar!/" type="simple" />
            <root url="jar:///Library/Java/JavaVirtualMachines/graalvm-ce-java8/Contents/Home/jre/lib/jce.jar!/" type="simple" />
            <root url="jar:///Library/Java/JavaVirtualMachines/graalvm-ce-java8/Contents/Home/jre/lib/jsse.jar!/" type="simple" />
            <root url="jar:///Library/Java/JavaVirtualMachines/graalvm-ce-java8/Contents/Home/jre/lib/jvmci-services.jar!/" type="simple" />
            <root url="jar:///Library/Java/JavaVirtualMachines/graalvm-ce-java8/Contents/Home/jre/lib/management-agent.jar!/" type="simple" />
            <root url="jar:///Library/Java/JavaVirtualMachines/graalvm-ce-java8/Contents/Home/jre/lib/resources.jar!/" type="simple" />
            <root url="jar:///Library/Java/JavaVirtualMachines/graalvm-ce-java8/Contents/Home/jre/lib/rt.jar!/" type="simple" />
            <root url="jar:///Library/Java/JavaVirtualMachines/graalvm-ce-java8/Contents/Home/lib/dt.jar!/" type="simple" />
            <root url="jar:///Library/Java/JavaVirtualMachines/graalvm-ce-java8/Contents/Home/lib/jconsole.jar!/" type="simple" />
            <root url="jar:///Library/Java/JavaVirtualMachines/graalvm-ce-java8/Contents/Home/lib/sa-jdi.jar!/" type="simple" />
            <root url="jar:///Library/Java/JavaVirtualMachines/graalvm-ce-java8/Contents/Home/lib/tools.jar!/" type="simple" />
          </root>
        </classPath>
        <javadocPath>
          <root type="composite" />
        </javadocPath>
        <sourcePath>
          <root type="composite">
            <root url="jar:///Library/Java/JavaVirtualMachines/graalvm-ce-java8/Contents/Home/src.zip!/" type="simple" />
          </root>
        </sourcePath>
      </roots>
      <additional />
    </jdk>
    <jdk version="2">
      <name value="Python 3.8" />
      <type value="Python SDK" />
      <version value="Python 3.8.5" />
      <homePath value="/usr/local/bin/python3.8" />
      <roots>
        <annotationsPath>
          <root type="composite" />
        </annotationsPath>
        <classPath>
          <root type="composite" />
        </classPath>
        <javadocPath>
          <root type="composite" />
        </javadocPath>
        <sourcePath>
          <root type="composite" />
        </sourcePath>
      </roots>
      <additional />
    </jdk>
    <jdk version="2">
      <name value="adopt-openj9-11" />
      <type value="JavaSDK" />
      <version value="java version &quot;11.0.8&quot;" />
      <homePath value="$USER_HOME$/Library/Java/JavaVirtualMachines/adopt-openj9-11.0.8/Contents/Home" />
      <roots>
        <annotationsPath>
          <root type="composite">
            <root url="jar://$APPLICATION_HOME_DIR$/plugins/java/lib/jdkAnnotations.jar!/" type="simple" />
          </root>
        </annotationsPath>
        <classPath>
          <root type="composite">
            <root url="jrt:///Users/chenyuan.hu/Library/Java/JavaVirtualMachines/adopt-openj9-11.0.8/Contents/Home!/java.base" type="simple" />
            <root url="jrt:///Users/chenyuan.hu/Library/Java/JavaVirtualMachines/adopt-openj9-11.0.8/Contents/Home!/java.compiler" type="simple" />
            <root url="jrt:///Users/chenyuan.hu/Library/Java/JavaVirtualMachines/adopt-openj9-11.0.8/Contents/Home!/java.datatransfer" type="simple" />
            <root url="jrt:///Users/chenyuan.hu/Library/Java/JavaVirtualMachines/adopt-openj9-11.0.8/Contents/Home!/java.desktop" type="simple" />
            <root url="jrt:///Users/chenyuan.hu/Library/Java/JavaVirtualMachines/adopt-openj9-11.0.8/Contents/Home!/java.instrument" type="simple" />
            <root url="jrt:///Users/chenyuan.hu/Library/Java/JavaVirtualMachines/adopt-openj9-11.0.8/Contents/Home!/java.logging" type="simple" />
            <root url="jrt:///Users/chenyuan.hu/Library/Java/JavaVirtualMachines/adopt-openj9-11.0.8/Contents/Home!/java.management" type="simple" />
            <root url="jrt:///Users/chenyuan.hu/Library/Java/JavaVirtualMachines/adopt-openj9-11.0.8/Contents/Home!/java.management.rmi" type="simple" />
            <root url="jrt:///Users/chenyuan.hu/Library/Java/JavaVirtualMachines/adopt-openj9-11.0.8/Contents/Home!/java.naming" type="simple" />
            <root url="jrt:///Users/chenyuan.hu/Library/Java/JavaVirtualMachines/adopt-openj9-11.0.8/Contents/Home!/java.net.http" type="simple" />
            <root url="jrt:///Users/chenyuan.hu/Library/Java/JavaVirtualMachines/adopt-openj9-11.0.8/Contents/Home!/java.prefs" type="simple" />
            <root url="jrt:///Users/chenyuan.hu/Library/Java/JavaVirtualMachines/adopt-openj9-11.0.8/Contents/Home!/java.rmi" type="simple" />
            <root url="jrt:///Users/chenyuan.hu/Library/Java/JavaVirtualMachines/adopt-openj9-11.0.8/Contents/Home!/java.scripting" type="simple" />
            <root url="jrt:///Users/chenyuan.hu/Library/Java/JavaVirtualMachines/adopt-openj9-11.0.8/Contents/Home!/java.se" type="simple" />
            <root url="jrt:///Users/chenyuan.hu/Library/Java/JavaVirtualMachines/adopt-openj9-11.0.8/Contents/Home!/java.security.jgss" type="simple" />
            <root url="jrt:///Users/chenyuan.hu/Library/Java/JavaVirtualMachines/adopt-openj9-11.0.8/Contents/Home!/java.security.sasl" type="simple" />
            <root url="jrt:///Users/chenyuan.hu/Library/Java/JavaVirtualMachines/adopt-openj9-11.0.8/Contents/Home!/java.smartcardio" type="simple" />
            <root url="jrt:///Users/chenyuan.hu/Library/Java/JavaVirtualMachines/adopt-openj9-11.0.8/Contents/Home!/java.sql" type="simple" />
            <root url="jrt:///Users/chenyuan.hu/Library/Java/JavaVirtualMachines/adopt-openj9-11.0.8/Contents/Home!/java.sql.rowset" type="simple" />
            <root url="jrt:///Users/chenyuan.hu/Library/Java/JavaVirtualMachines/adopt-openj9-11.0.8/Contents/Home!/java.transaction.xa" type="simple" />
            <root url="jrt:///Users/chenyuan.hu/Library/Java/JavaVirtualMachines/adopt-openj9-11.0.8/Contents/Home!/java.xml" type="simple" />
            <root url="jrt:///Users/chenyuan.hu/Library/Java/JavaVirtualMachines/adopt-openj9-11.0.8/Contents/Home!/java.xml.crypto" type="simple" />
            <root url="jrt:///Users/chenyuan.hu/Library/Java/JavaVirtualMachines/adopt-openj9-11.0.8/Contents/Home!/jdk.accessibility" type="simple" />
            <root url="jrt:///Users/chenyuan.hu/Library/Java/JavaVirtualMachines/adopt-openj9-11.0.8/Contents/Home!/jdk.attach" type="simple" />
            <root url="jrt:///Users/chenyuan.hu/Library/Java/JavaVirtualMachines/adopt-openj9-11.0.8/Contents/Home!/jdk.charsets" type="simple" />
            <root url="jrt:///Users/chenyuan.hu/Library/Java/JavaVirtualMachines/adopt-openj9-11.0.8/Contents/Home!/jdk.compiler" type="simple" />
            <root url="jrt:///Users/chenyuan.hu/Library/Java/JavaVirtualMachines/adopt-openj9-11.0.8/Contents/Home!/jdk.crypto.cryptoki" type="simple" />
            <root url="jrt:///Users/chenyuan.hu/Library/Java/JavaVirtualMachines/adopt-openj9-11.0.8/Contents/Home!/jdk.crypto.ec" type="simple" />
            <root url="jrt:///Users/chenyuan.hu/Library/Java/JavaVirtualMachines/adopt-openj9-11.0.8/Contents/Home!/jdk.dynalink" type="simple" />
            <root url="jrt:///Users/chenyuan.hu/Library/Java/JavaVirtualMachines/adopt-openj9-11.0.8/Contents/Home!/jdk.editpad" type="simple" />
            <root url="jrt:///Users/chenyuan.hu/Library/Java/JavaVirtualMachines/adopt-openj9-11.0.8/Contents/Home!/jdk.httpserver" type="simple" />
            <root url="jrt:///Users/chenyuan.hu/Library/Java/JavaVirtualMachines/adopt-openj9-11.0.8/Contents/Home!/jdk.internal.ed" type="simple" />
            <root url="jrt:///Users/chenyuan.hu/Library/Java/JavaVirtualMachines/adopt-openj9-11.0.8/Contents/Home!/jdk.internal.jvmstat" type="simple" />
            <root url="jrt:///Users/chenyuan.hu/Library/Java/JavaVirtualMachines/adopt-openj9-11.0.8/Contents/Home!/jdk.internal.le" type="simple" />
            <root url="jrt:///Users/chenyuan.hu/Library/Java/JavaVirtualMachines/adopt-openj9-11.0.8/Contents/Home!/jdk.internal.opt" type="simple" />
            <root url="jrt:///Users/chenyuan.hu/Library/Java/JavaVirtualMachines/adopt-openj9-11.0.8/Contents/Home!/jdk.jartool" type="simple" />
            <root url="jrt:///Users/chenyuan.hu/Library/Java/JavaVirtualMachines/adopt-openj9-11.0.8/Contents/Home!/jdk.javadoc" type="simple" />
            <root url="jrt:///Users/chenyuan.hu/Library/Java/JavaVirtualMachines/adopt-openj9-11.0.8/Contents/Home!/jdk.jcmd" type="simple" />
            <root url="jrt:///Users/chenyuan.hu/Library/Java/JavaVirtualMachines/adopt-openj9-11.0.8/Contents/Home!/jdk.jconsole" type="simple" />
            <root url="jrt:///Users/chenyuan.hu/Library/Java/JavaVirtualMachines/adopt-openj9-11.0.8/Contents/Home!/jdk.jdeps" type="simple" />
            <root url="jrt:///Users/chenyuan.hu/Library/Java/JavaVirtualMachines/adopt-openj9-11.0.8/Contents/Home!/jdk.jdi" type="simple" />
            <root url="jrt:///Users/chenyuan.hu/Library/Java/JavaVirtualMachines/adopt-openj9-11.0.8/Contents/Home!/jdk.jdwp.agent" type="simple" />
            <root url="jrt:///Users/chenyuan.hu/Library/Java/JavaVirtualMachines/adopt-openj9-11.0.8/Contents/Home!/jdk.jlink" type="simple" />
            <root url="jrt:///Users/chenyuan.hu/Library/Java/JavaVirtualMachines/adopt-openj9-11.0.8/Contents/Home!/jdk.jshell" type="simple" />
            <root url="jrt:///Users/chenyuan.hu/Library/Java/JavaVirtualMachines/adopt-openj9-11.0.8/Contents/Home!/jdk.jsobject" type="simple" />
            <root url="jrt:///Users/chenyuan.hu/Library/Java/JavaVirtualMachines/adopt-openj9-11.0.8/Contents/Home!/jdk.localedata" type="simple" />
            <root url="jrt:///Users/chenyuan.hu/Library/Java/JavaVirtualMachines/adopt-openj9-11.0.8/Contents/Home!/jdk.management" type="simple" />
            <root url="jrt:///Users/chenyuan.hu/Library/Java/JavaVirtualMachines/adopt-openj9-11.0.8/Contents/Home!/jdk.management.agent" type="simple" />
            <root url="jrt:///Users/chenyuan.hu/Library/Java/JavaVirtualMachines/adopt-openj9-11.0.8/Contents/Home!/jdk.naming.dns" type="simple" />
            <root url="jrt:///Users/chenyuan.hu/Library/Java/JavaVirtualMachines/adopt-openj9-11.0.8/Contents/Home!/jdk.naming.rmi" type="simple" />
            <root url="jrt:///Users/chenyuan.hu/Library/Java/JavaVirtualMachines/adopt-openj9-11.0.8/Contents/Home!/jdk.net" type="simple" />
            <root url="jrt:///Users/chenyuan.hu/Library/Java/JavaVirtualMachines/adopt-openj9-11.0.8/Contents/Home!/jdk.pack" type="simple" />
            <root url="jrt:///Users/chenyuan.hu/Library/Java/JavaVirtualMachines/adopt-openj9-11.0.8/Contents/Home!/jdk.rmic" type="simple" />
            <root url="jrt:///Users/chenyuan.hu/Library/Java/JavaVirtualMachines/adopt-openj9-11.0.8/Contents/Home!/jdk.scripting.nashorn" type="simple" />
            <root url="jrt:///Users/chenyuan.hu/Library/Java/JavaVirtualMachines/adopt-openj9-11.0.8/Contents/Home!/jdk.scripting.nashorn.shell" type="simple" />
            <root url="jrt:///Users/chenyuan.hu/Library/Java/JavaVirtualMachines/adopt-openj9-11.0.8/Contents/Home!/jdk.sctp" type="simple" />
            <root url="jrt:///Users/chenyuan.hu/Library/Java/JavaVirtualMachines/adopt-openj9-11.0.8/Contents/Home!/jdk.security.auth" type="simple" />
            <root url="jrt:///Users/chenyuan.hu/Library/Java/JavaVirtualMachines/adopt-openj9-11.0.8/Contents/Home!/jdk.security.jgss" type="simple" />
            <root url="jrt:///Users/chenyuan.hu/Library/Java/JavaVirtualMachines/adopt-openj9-11.0.8/Contents/Home!/jdk.unsupported" type="simple" />
            <root url="jrt:///Users/chenyuan.hu/Library/Java/JavaVirtualMachines/adopt-openj9-11.0.8/Contents/Home!/jdk.unsupported.desktop" type="simple" />
            <root url="jrt:///Users/chenyuan.hu/Library/Java/JavaVirtualMachines/adopt-openj9-11.0.8/Contents/Home!/jdk.xml.dom" type="simple" />
            <root url="jrt:///Users/chenyuan.hu/Library/Java/JavaVirtualMachines/adopt-openj9-11.0.8/Contents/Home!/jdk.zipfs" type="simple" />
            <root url="jrt:///Users/chenyuan.hu/Library/Java/JavaVirtualMachines/adopt-openj9-11.0.8/Contents/Home!/openj9.cuda" type="simple" />
            <root url="jrt:///Users/chenyuan.hu/Library/Java/JavaVirtualMachines/adopt-openj9-11.0.8/Contents/Home!/openj9.dataaccess" type="simple" />
            <root url="jrt:///Users/chenyuan.hu/Library/Java/JavaVirtualMachines/adopt-openj9-11.0.8/Contents/Home!/openj9.dtfj" type="simple" />
            <root url="jrt:///Users/chenyuan.hu/Library/Java/JavaVirtualMachines/adopt-openj9-11.0.8/Contents/Home!/openj9.dtfjview" type="simple" />
            <root url="jrt:///Users/chenyuan.hu/Library/Java/JavaVirtualMachines/adopt-openj9-11.0.8/Contents/Home!/openj9.gpu" type="simple" />
            <root url="jrt:///Users/chenyuan.hu/Library/Java/JavaVirtualMachines/adopt-openj9-11.0.8/Contents/Home!/openj9.jvm" type="simple" />
            <root url="jrt:///Users/chenyuan.hu/Library/Java/JavaVirtualMachines/adopt-openj9-11.0.8/Contents/Home!/openj9.sharedclasses" type="simple" />
            <root url="jrt:///Users/chenyuan.hu/Library/Java/JavaVirtualMachines/adopt-openj9-11.0.8/Contents/Home!/openj9.traceformat" type="simple" />
            <root url="jrt:///Users/chenyuan.hu/Library/Java/JavaVirtualMachines/adopt-openj9-11.0.8/Contents/Home!/openj9.zosconditionhandling" type="simple" />
          </root>
        </classPath>
        <javadocPath>
          <root type="composite" />
        </javadocPath>
        <sourcePath>
          <root type="composite">
            <root url="jar://$USER_HOME$/Library/Java/JavaVirtualMachines/adopt-openj9-11.0.8/Contents/Home/lib/src.zip!/java.se" type="simple" />
            <root url="jar://$USER_HOME$/Library/Java/JavaVirtualMachines/adopt-openj9-11.0.8/Contents/Home/lib/src.zip!/jdk.jdi" type="simple" />
            <root url="jar://$USER_HOME$/Library/Java/JavaVirtualMachines/adopt-openj9-11.0.8/Contents/Home/lib/src.zip!/jdk.net" type="simple" />
            <root url="jar://$USER_HOME$/Library/Java/JavaVirtualMachines/adopt-openj9-11.0.8/Contents/Home/lib/src.zip!/java.rmi" type="simple" />
            <root url="jar://$USER_HOME$/Library/Java/JavaVirtualMachines/adopt-openj9-11.0.8/Contents/Home/lib/src.zip!/java.sql" type="simple" />
            <root url="jar://$USER_HOME$/Library/Java/JavaVirtualMachines/adopt-openj9-11.0.8/Contents/Home/lib/src.zip!/java.xml" type="simple" />
            <root url="jar://$USER_HOME$/Library/Java/JavaVirtualMachines/adopt-openj9-11.0.8/Contents/Home/lib/src.zip!/jdk.jcmd" type="simple" />
            <root url="jar://$USER_HOME$/Library/Java/JavaVirtualMachines/adopt-openj9-11.0.8/Contents/Home/lib/src.zip!/jdk.pack" type="simple" />
            <root url="jar://$USER_HOME$/Library/Java/JavaVirtualMachines/adopt-openj9-11.0.8/Contents/Home/lib/src.zip!/jdk.rmic" type="simple" />
            <root url="jar://$USER_HOME$/Library/Java/JavaVirtualMachines/adopt-openj9-11.0.8/Contents/Home/lib/src.zip!/jdk.sctp" type="simple" />
            <root url="jar://$USER_HOME$/Library/Java/JavaVirtualMachines/adopt-openj9-11.0.8/Contents/Home/lib/src.zip!/java.base" type="simple" />
            <root url="jar://$USER_HOME$/Library/Java/JavaVirtualMachines/adopt-openj9-11.0.8/Contents/Home/lib/src.zip!/jdk.jdeps" type="simple" />
            <root url="jar://$USER_HOME$/Library/Java/JavaVirtualMachines/adopt-openj9-11.0.8/Contents/Home/lib/src.zip!/jdk.jlink" type="simple" />
            <root url="jar://$USER_HOME$/Library/Java/JavaVirtualMachines/adopt-openj9-11.0.8/Contents/Home/lib/src.zip!/jdk.zipfs" type="simple" />
            <root url="jar://$USER_HOME$/Library/Java/JavaVirtualMachines/adopt-openj9-11.0.8/Contents/Home/lib/src.zip!/java.prefs" type="simple" />
            <root url="jar://$USER_HOME$/Library/Java/JavaVirtualMachines/adopt-openj9-11.0.8/Contents/Home/lib/src.zip!/jdk.attach" type="simple" />
            <root url="jar://$USER_HOME$/Library/Java/JavaVirtualMachines/adopt-openj9-11.0.8/Contents/Home/lib/src.zip!/jdk.jshell" type="simple" />
            <root url="jar://$USER_HOME$/Library/Java/JavaVirtualMachines/adopt-openj9-11.0.8/Contents/Home/lib/src.zip!/openj9.gpu" type="simple" />
            <root url="jar://$USER_HOME$/Library/Java/JavaVirtualMachines/adopt-openj9-11.0.8/Contents/Home/lib/src.zip!/openj9.jvm" type="simple" />
            <root url="jar://$USER_HOME$/Library/Java/JavaVirtualMachines/adopt-openj9-11.0.8/Contents/Home/lib/src.zip!/java.naming" type="simple" />
            <root url="jar://$USER_HOME$/Library/Java/JavaVirtualMachines/adopt-openj9-11.0.8/Contents/Home/lib/src.zip!/jdk.editpad" type="simple" />
            <root url="jar://$USER_HOME$/Library/Java/JavaVirtualMachines/adopt-openj9-11.0.8/Contents/Home/lib/src.zip!/jdk.jartool" type="simple" />
            <root url="jar://$USER_HOME$/Library/Java/JavaVirtualMachines/adopt-openj9-11.0.8/Contents/Home/lib/src.zip!/jdk.javadoc" type="simple" />
            <root url="jar://$USER_HOME$/Library/Java/JavaVirtualMachines/adopt-openj9-11.0.8/Contents/Home/lib/src.zip!/jdk.xml.dom" type="simple" />
            <root url="jar://$USER_HOME$/Library/Java/JavaVirtualMachines/adopt-openj9-11.0.8/Contents/Home/lib/src.zip!/openj9.cuda" type="simple" />
            <root url="jar://$USER_HOME$/Library/Java/JavaVirtualMachines/adopt-openj9-11.0.8/Contents/Home/lib/src.zip!/openj9.dtfj" type="simple" />
            <root url="jar://$USER_HOME$/Library/Java/JavaVirtualMachines/adopt-openj9-11.0.8/Contents/Home/lib/src.zip!/java.desktop" type="simple" />
            <root url="jar://$USER_HOME$/Library/Java/JavaVirtualMachines/adopt-openj9-11.0.8/Contents/Home/lib/src.zip!/java.logging" type="simple" />
            <root url="jar://$USER_HOME$/Library/Java/JavaVirtualMachines/adopt-openj9-11.0.8/Contents/Home/lib/src.zip!/jdk.charsets" type="simple" />
            <root url="jar://$USER_HOME$/Library/Java/JavaVirtualMachines/adopt-openj9-11.0.8/Contents/Home/lib/src.zip!/jdk.compiler" type="simple" />
            <root url="jar://$USER_HOME$/Library/Java/JavaVirtualMachines/adopt-openj9-11.0.8/Contents/Home/lib/src.zip!/jdk.dynalink" type="simple" />
            <root url="jar://$USER_HOME$/Library/Java/JavaVirtualMachines/adopt-openj9-11.0.8/Contents/Home/lib/src.zip!/jdk.jconsole" type="simple" />
            <root url="jar://$USER_HOME$/Library/Java/JavaVirtualMachines/adopt-openj9-11.0.8/Contents/Home/lib/src.zip!/jdk.jsobject" type="simple" />
            <root url="jar://$USER_HOME$/Library/Java/JavaVirtualMachines/adopt-openj9-11.0.8/Contents/Home/lib/src.zip!/java.compiler" type="simple" />
            <root url="jar://$USER_HOME$/Library/Java/JavaVirtualMachines/adopt-openj9-11.0.8/Contents/Home/lib/src.zip!/java.net.http" type="simple" />
            <root url="jar://$USER_HOME$/Library/Java/JavaVirtualMachines/adopt-openj9-11.0.8/Contents/Home/lib/src.zip!/jdk.crypto.ec" type="simple" />
            <root url="jar://$USER_HOME$/Library/Java/JavaVirtualMachines/adopt-openj9-11.0.8/Contents/Home/lib/src.zip!/java.scripting" type="simple" />
            <root url="jar://$USER_HOME$/Library/Java/JavaVirtualMachines/adopt-openj9-11.0.8/Contents/Home/lib/src.zip!/jdk.httpserver" type="simple" />
            <root url="jar://$USER_HOME$/Library/Java/JavaVirtualMachines/adopt-openj9-11.0.8/Contents/Home/lib/src.zip!/jdk.jdwp.agent" type="simple" />
            <root url="jar://$USER_HOME$/Library/Java/JavaVirtualMachines/adopt-openj9-11.0.8/Contents/Home/lib/src.zip!/jdk.localedata" type="simple" />
            <root url="jar://$USER_HOME$/Library/Java/JavaVirtualMachines/adopt-openj9-11.0.8/Contents/Home/lib/src.zip!/jdk.management" type="simple" />
            <root url="jar://$USER_HOME$/Library/Java/JavaVirtualMachines/adopt-openj9-11.0.8/Contents/Home/lib/src.zip!/jdk.naming.dns" type="simple" />
            <root url="jar://$USER_HOME$/Library/Java/JavaVirtualMachines/adopt-openj9-11.0.8/Contents/Home/lib/src.zip!/jdk.naming.rmi" type="simple" />
            <root url="jar://$USER_HOME$/Library/Java/JavaVirtualMachines/adopt-openj9-11.0.8/Contents/Home/lib/src.zip!/java.instrument" type="simple" />
            <root url="jar://$USER_HOME$/Library/Java/JavaVirtualMachines/adopt-openj9-11.0.8/Contents/Home/lib/src.zip!/java.management" type="simple" />
            <root url="jar://$USER_HOME$/Library/Java/JavaVirtualMachines/adopt-openj9-11.0.8/Contents/Home/lib/src.zip!/java.sql.rowset" type="simple" />
            <root url="jar://$USER_HOME$/Library/Java/JavaVirtualMachines/adopt-openj9-11.0.8/Contents/Home/lib/src.zip!/java.xml.crypto" type="simple" />
            <root url="jar://$USER_HOME$/Library/Java/JavaVirtualMachines/adopt-openj9-11.0.8/Contents/Home/lib/src.zip!/jdk.internal.ed" type="simple" />
            <root url="jar://$USER_HOME$/Library/Java/JavaVirtualMachines/adopt-openj9-11.0.8/Contents/Home/lib/src.zip!/jdk.internal.le" type="simple" />
            <root url="jar://$USER_HOME$/Library/Java/JavaVirtualMachines/adopt-openj9-11.0.8/Contents/Home/lib/src.zip!/jdk.unsupported" type="simple" />
            <root url="jar://$USER_HOME$/Library/Java/JavaVirtualMachines/adopt-openj9-11.0.8/Contents/Home/lib/src.zip!/openj9.dtfjview" type="simple" />
            <root url="jar://$USER_HOME$/Library/Java/JavaVirtualMachines/adopt-openj9-11.0.8/Contents/Home/lib/src.zip!/java.smartcardio" type="simple" />
            <root url="jar://$USER_HOME$/Library/Java/JavaVirtualMachines/adopt-openj9-11.0.8/Contents/Home/lib/src.zip!/jdk.internal.opt" type="simple" />
            <root url="jar://$USER_HOME$/Library/Java/JavaVirtualMachines/adopt-openj9-11.0.8/Contents/Home/lib/src.zip!/java.datatransfer" type="simple" />
            <root url="jar://$USER_HOME$/Library/Java/JavaVirtualMachines/adopt-openj9-11.0.8/Contents/Home/lib/src.zip!/jdk.accessibility" type="simple" />
            <root url="jar://$USER_HOME$/Library/Java/JavaVirtualMachines/adopt-openj9-11.0.8/Contents/Home/lib/src.zip!/jdk.security.auth" type="simple" />
            <root url="jar://$USER_HOME$/Library/Java/JavaVirtualMachines/adopt-openj9-11.0.8/Contents/Home/lib/src.zip!/jdk.security.jgss" type="simple" />
            <root url="jar://$USER_HOME$/Library/Java/JavaVirtualMachines/adopt-openj9-11.0.8/Contents/Home/lib/src.zip!/openj9.dataaccess" type="simple" />
            <root url="jar://$USER_HOME$/Library/Java/JavaVirtualMachines/adopt-openj9-11.0.8/Contents/Home/lib/src.zip!/java.security.jgss" type="simple" />
            <root url="jar://$USER_HOME$/Library/Java/JavaVirtualMachines/adopt-openj9-11.0.8/Contents/Home/lib/src.zip!/java.security.sasl" type="simple" />
            <root url="jar://$USER_HOME$/Library/Java/JavaVirtualMachines/adopt-openj9-11.0.8/Contents/Home/lib/src.zip!/openj9.traceformat" type="simple" />
            <root url="jar://$USER_HOME$/Library/Java/JavaVirtualMachines/adopt-openj9-11.0.8/Contents/Home/lib/src.zip!/java.management.rmi" type="simple" />
            <root url="jar://$USER_HOME$/Library/Java/JavaVirtualMachines/adopt-openj9-11.0.8/Contents/Home/lib/src.zip!/java.transaction.xa" type="simple" />
            <root url="jar://$USER_HOME$/Library/Java/JavaVirtualMachines/adopt-openj9-11.0.8/Contents/Home/lib/src.zip!/jdk.crypto.cryptoki" type="simple" />
            <root url="jar://$USER_HOME$/Library/Java/JavaVirtualMachines/adopt-openj9-11.0.8/Contents/Home/lib/src.zip!/jdk.internal.jvmstat" type="simple" />
            <root url="jar://$USER_HOME$/Library/Java/JavaVirtualMachines/adopt-openj9-11.0.8/Contents/Home/lib/src.zip!/jdk.management.agent" type="simple" />
            <root url="jar://$USER_HOME$/Library/Java/JavaVirtualMachines/adopt-openj9-11.0.8/Contents/Home/lib/src.zip!/openj9.sharedclasses" type="simple" />
            <root url="jar://$USER_HOME$/Library/Java/JavaVirtualMachines/adopt-openj9-11.0.8/Contents/Home/lib/src.zip!/jdk.scripting.nashorn" type="simple" />
            <root url="jar://$USER_HOME$/Library/Java/JavaVirtualMachines/adopt-openj9-11.0.8/Contents/Home/lib/src.zip!/jdk.unsupported.desktop" type="simple" />
            <root url="jar://$USER_HOME$/Library/Java/JavaVirtualMachines/adopt-openj9-11.0.8/Contents/Home/lib/src.zip!/jdk.scripting.nashorn.shell" type="simple" />
            <root url="jar://$USER_HOME$/Library/Java/JavaVirtualMachines/adopt-openj9-11.0.8/Contents/Home/lib/src.zip!/openj9.zosconditionhandling" type="simple" />
          </root>
        </sourcePath>
      </roots>
      <additional />
    </jdk>
    <jdk version="2">
      <name value="11" />
      <type value="JavaSDK" />
      <version value="java version &quot;11.0.8&quot;" />
      <homePath value="$USER_HOME$/Library/Java/JavaVirtualMachines/adopt-openj9-11.0.8/Contents/Home" />
      <roots>
        <annotationsPath>
          <root type="composite">
            <root url="jar://$APPLICATION_HOME_DIR$/plugins/java/lib/jdkAnnotations.jar!/" type="simple" />
          </root>
        </annotationsPath>
        <classPath>
          <root type="composite">
            <root url="jrt:///Users/chenyuan.hu/Library/Java/JavaVirtualMachines/adopt-openj9-11.0.8/Contents/Home!/java.base" type="simple" />
            <root url="jrt:///Users/chenyuan.hu/Library/Java/JavaVirtualMachines/adopt-openj9-11.0.8/Contents/Home!/java.compiler" type="simple" />
            <root url="jrt:///Users/chenyuan.hu/Library/Java/JavaVirtualMachines/adopt-openj9-11.0.8/Contents/Home!/java.datatransfer" type="simple" />
            <root url="jrt:///Users/chenyuan.hu/Library/Java/JavaVirtualMachines/adopt-openj9-11.0.8/Contents/Home!/java.desktop" type="simple" />
            <root url="jrt:///Users/chenyuan.hu/Library/Java/JavaVirtualMachines/adopt-openj9-11.0.8/Contents/Home!/java.instrument" type="simple" />
            <root url="jrt:///Users/chenyuan.hu/Library/Java/JavaVirtualMachines/adopt-openj9-11.0.8/Contents/Home!/java.logging" type="simple" />
            <root url="jrt:///Users/chenyuan.hu/Library/Java/JavaVirtualMachines/adopt-openj9-11.0.8/Contents/Home!/java.management" type="simple" />
            <root url="jrt:///Users/chenyuan.hu/Library/Java/JavaVirtualMachines/adopt-openj9-11.0.8/Contents/Home!/java.management.rmi" type="simple" />
            <root url="jrt:///Users/chenyuan.hu/Library/Java/JavaVirtualMachines/adopt-openj9-11.0.8/Contents/Home!/java.naming" type="simple" />
            <root url="jrt:///Users/chenyuan.hu/Library/Java/JavaVirtualMachines/adopt-openj9-11.0.8/Contents/Home!/java.net.http" type="simple" />
            <root url="jrt:///Users/chenyuan.hu/Library/Java/JavaVirtualMachines/adopt-openj9-11.0.8/Contents/Home!/java.prefs" type="simple" />
            <root url="jrt:///Users/chenyuan.hu/Library/Java/JavaVirtualMachines/adopt-openj9-11.0.8/Contents/Home!/java.rmi" type="simple" />
            <root url="jrt:///Users/chenyuan.hu/Library/Java/JavaVirtualMachines/adopt-openj9-11.0.8/Contents/Home!/java.scripting" type="simple" />
            <root url="jrt:///Users/chenyuan.hu/Library/Java/JavaVirtualMachines/adopt-openj9-11.0.8/Contents/Home!/java.se" type="simple" />
            <root url="jrt:///Users/chenyuan.hu/Library/Java/JavaVirtualMachines/adopt-openj9-11.0.8/Contents/Home!/java.security.jgss" type="simple" />
            <root url="jrt:///Users/chenyuan.hu/Library/Java/JavaVirtualMachines/adopt-openj9-11.0.8/Contents/Home!/java.security.sasl" type="simple" />
            <root url="jrt:///Users/chenyuan.hu/Library/Java/JavaVirtualMachines/adopt-openj9-11.0.8/Contents/Home!/java.smartcardio" type="simple" />
            <root url="jrt:///Users/chenyuan.hu/Library/Java/JavaVirtualMachines/adopt-openj9-11.0.8/Contents/Home!/java.sql" type="simple" />
            <root url="jrt:///Users/chenyuan.hu/Library/Java/JavaVirtualMachines/adopt-openj9-11.0.8/Contents/Home!/java.sql.rowset" type="simple" />
            <root url="jrt:///Users/chenyuan.hu/Library/Java/JavaVirtualMachines/adopt-openj9-11.0.8/Contents/Home!/java.transaction.xa" type="simple" />
            <root url="jrt:///Users/chenyuan.hu/Library/Java/JavaVirtualMachines/adopt-openj9-11.0.8/Contents/Home!/java.xml" type="simple" />
            <root url="jrt:///Users/chenyuan.hu/Library/Java/JavaVirtualMachines/adopt-openj9-11.0.8/Contents/Home!/java.xml.crypto" type="simple" />
            <root url="jrt:///Users/chenyuan.hu/Library/Java/JavaVirtualMachines/adopt-openj9-11.0.8/Contents/Home!/jdk.accessibility" type="simple" />
            <root url="jrt:///Users/chenyuan.hu/Library/Java/JavaVirtualMachines/adopt-openj9-11.0.8/Contents/Home!/jdk.attach" type="simple" />
            <root url="jrt:///Users/chenyuan.hu/Library/Java/JavaVirtualMachines/adopt-openj9-11.0.8/Contents/Home!/jdk.charsets" type="simple" />
            <root url="jrt:///Users/chenyuan.hu/Library/Java/JavaVirtualMachines/adopt-openj9-11.0.8/Contents/Home!/jdk.compiler" type="simple" />
            <root url="jrt:///Users/chenyuan.hu/Library/Java/JavaVirtualMachines/adopt-openj9-11.0.8/Contents/Home!/jdk.crypto.cryptoki" type="simple" />
            <root url="jrt:///Users/chenyuan.hu/Library/Java/JavaVirtualMachines/adopt-openj9-11.0.8/Contents/Home!/jdk.crypto.ec" type="simple" />
            <root url="jrt:///Users/chenyuan.hu/Library/Java/JavaVirtualMachines/adopt-openj9-11.0.8/Contents/Home!/jdk.dynalink" type="simple" />
            <root url="jrt:///Users/chenyuan.hu/Library/Java/JavaVirtualMachines/adopt-openj9-11.0.8/Contents/Home!/jdk.editpad" type="simple" />
            <root url="jrt:///Users/chenyuan.hu/Library/Java/JavaVirtualMachines/adopt-openj9-11.0.8/Contents/Home!/jdk.httpserver" type="simple" />
            <root url="jrt:///Users/chenyuan.hu/Library/Java/JavaVirtualMachines/adopt-openj9-11.0.8/Contents/Home!/jdk.internal.ed" type="simple" />
            <root url="jrt:///Users/chenyuan.hu/Library/Java/JavaVirtualMachines/adopt-openj9-11.0.8/Contents/Home!/jdk.internal.jvmstat" type="simple" />
            <root url="jrt:///Users/chenyuan.hu/Library/Java/JavaVirtualMachines/adopt-openj9-11.0.8/Contents/Home!/jdk.internal.le" type="simple" />
            <root url="jrt:///Users/chenyuan.hu/Library/Java/JavaVirtualMachines/adopt-openj9-11.0.8/Contents/Home!/jdk.internal.opt" type="simple" />
            <root url="jrt:///Users/chenyuan.hu/Library/Java/JavaVirtualMachines/adopt-openj9-11.0.8/Contents/Home!/jdk.jartool" type="simple" />
            <root url="jrt:///Users/chenyuan.hu/Library/Java/JavaVirtualMachines/adopt-openj9-11.0.8/Contents/Home!/jdk.javadoc" type="simple" />
            <root url="jrt:///Users/chenyuan.hu/Library/Java/JavaVirtualMachines/adopt-openj9-11.0.8/Contents/Home!/jdk.jcmd" type="simple" />
            <root url="jrt:///Users/chenyuan.hu/Library/Java/JavaVirtualMachines/adopt-openj9-11.0.8/Contents/Home!/jdk.jconsole" type="simple" />
            <root url="jrt:///Users/chenyuan.hu/Library/Java/JavaVirtualMachines/adopt-openj9-11.0.8/Contents/Home!/jdk.jdeps" type="simple" />
            <root url="jrt:///Users/chenyuan.hu/Library/Java/JavaVirtualMachines/adopt-openj9-11.0.8/Contents/Home!/jdk.jdi" type="simple" />
            <root url="jrt:///Users/chenyuan.hu/Library/Java/JavaVirtualMachines/adopt-openj9-11.0.8/Contents/Home!/jdk.jdwp.agent" type="simple" />
            <root url="jrt:///Users/chenyuan.hu/Library/Java/JavaVirtualMachines/adopt-openj9-11.0.8/Contents/Home!/jdk.jlink" type="simple" />
            <root url="jrt:///Users/chenyuan.hu/Library/Java/JavaVirtualMachines/adopt-openj9-11.0.8/Contents/Home!/jdk.jshell" type="simple" />
            <root url="jrt:///Users/chenyuan.hu/Library/Java/JavaVirtualMachines/adopt-openj9-11.0.8/Contents/Home!/jdk.jsobject" type="simple" />
            <root url="jrt:///Users/chenyuan.hu/Library/Java/JavaVirtualMachines/adopt-openj9-11.0.8/Contents/Home!/jdk.localedata" type="simple" />
            <root url="jrt:///Users/chenyuan.hu/Library/Java/JavaVirtualMachines/adopt-openj9-11.0.8/Contents/Home!/jdk.management" type="simple" />
            <root url="jrt:///Users/chenyuan.hu/Library/Java/JavaVirtualMachines/adopt-openj9-11.0.8/Contents/Home!/jdk.management.agent" type="simple" />
            <root url="jrt:///Users/chenyuan.hu/Library/Java/JavaVirtualMachines/adopt-openj9-11.0.8/Contents/Home!/jdk.naming.dns" type="simple" />
            <root url="jrt:///Users/chenyuan.hu/Library/Java/JavaVirtualMachines/adopt-openj9-11.0.8/Contents/Home!/jdk.naming.rmi" type="simple" />
            <root url="jrt:///Users/chenyuan.hu/Library/Java/JavaVirtualMachines/adopt-openj9-11.0.8/Contents/Home!/jdk.net" type="simple" />
            <root url="jrt:///Users/chenyuan.hu/Library/Java/JavaVirtualMachines/adopt-openj9-11.0.8/Contents/Home!/jdk.pack" type="simple" />
            <root url="jrt:///Users/chenyuan.hu/Library/Java/JavaVirtualMachines/adopt-openj9-11.0.8/Contents/Home!/jdk.rmic" type="simple" />
            <root url="jrt:///Users/chenyuan.hu/Library/Java/JavaVirtualMachines/adopt-openj9-11.0.8/Contents/Home!/jdk.scripting.nashorn" type="simple" />
            <root url="jrt:///Users/chenyuan.hu/Library/Java/JavaVirtualMachines/adopt-openj9-11.0.8/Contents/Home!/jdk.scripting.nashorn.shell" type="simple" />
            <root url="jrt:///Users/chenyuan.hu/Library/Java/JavaVirtualMachines/adopt-openj9-11.0.8/Contents/Home!/jdk.sctp" type="simple" />
            <root url="jrt:///Users/chenyuan.hu/Library/Java/JavaVirtualMachines/adopt-openj9-11.0.8/Contents/Home!/jdk.security.auth" type="simple" />
            <root url="jrt:///Users/chenyuan.hu/Library/Java/JavaVirtualMachines/adopt-openj9-11.0.8/Contents/Home!/jdk.security.jgss" type="simple" />
            <root url="jrt:///Users/chenyuan.hu/Library/Java/JavaVirtualMachines/adopt-openj9-11.0.8/Contents/Home!/jdk.unsupported" type="simple" />
            <root url="jrt:///Users/chenyuan.hu/Library/Java/JavaVirtualMachines/adopt-openj9-11.0.8/Contents/Home!/jdk.unsupported.desktop" type="simple" />
            <root url="jrt:///Users/chenyuan.hu/Library/Java/JavaVirtualMachines/adopt-openj9-11.0.8/Contents/Home!/jdk.xml.dom" type="simple" />
            <root url="jrt:///Users/chenyuan.hu/Library/Java/JavaVirtualMachines/adopt-openj9-11.0.8/Contents/Home!/jdk.zipfs" type="simple" />
            <root url="jrt:///Users/chenyuan.hu/Library/Java/JavaVirtualMachines/adopt-openj9-11.0.8/Contents/Home!/openj9.cuda" type="simple" />
            <root url="jrt:///Users/chenyuan.hu/Library/Java/JavaVirtualMachines/adopt-openj9-11.0.8/Contents/Home!/openj9.dataaccess" type="simple" />
            <root url="jrt:///Users/chenyuan.hu/Library/Java/JavaVirtualMachines/adopt-openj9-11.0.8/Contents/Home!/openj9.dtfj" type="simple" />
            <root url="jrt:///Users/chenyuan.hu/Library/Java/JavaVirtualMachines/adopt-openj9-11.0.8/Contents/Home!/openj9.dtfjview" type="simple" />
            <root url="jrt:///Users/chenyuan.hu/Library/Java/JavaVirtualMachines/adopt-openj9-11.0.8/Contents/Home!/openj9.gpu" type="simple" />
            <root url="jrt:///Users/chenyuan.hu/Library/Java/JavaVirtualMachines/adopt-openj9-11.0.8/Contents/Home!/openj9.jvm" type="simple" />
            <root url="jrt:///Users/chenyuan.hu/Library/Java/JavaVirtualMachines/adopt-openj9-11.0.8/Contents/Home!/openj9.sharedclasses" type="simple" />
            <root url="jrt:///Users/chenyuan.hu/Library/Java/JavaVirtualMachines/adopt-openj9-11.0.8/Contents/Home!/openj9.traceformat" type="simple" />
            <root url="jrt:///Users/chenyuan.hu/Library/Java/JavaVirtualMachines/adopt-openj9-11.0.8/Contents/Home!/openj9.zosconditionhandling" type="simple" />
          </root>
        </classPath>
        <javadocPath>
          <root type="composite" />
        </javadocPath>
        <sourcePath>
          <root type="composite">
            <root url="jar://$USER_HOME$/Library/Java/JavaVirtualMachines/adopt-openj9-11.0.8/Contents/Home/lib/src.zip!/java.se" type="simple" />
            <root url="jar://$USER_HOME$/Library/Java/JavaVirtualMachines/adopt-openj9-11.0.8/Contents/Home/lib/src.zip!/jdk.jdi" type="simple" />
            <root url="jar://$USER_HOME$/Library/Java/JavaVirtualMachines/adopt-openj9-11.0.8/Contents/Home/lib/src.zip!/jdk.net" type="simple" />
            <root url="jar://$USER_HOME$/Library/Java/JavaVirtualMachines/adopt-openj9-11.0.8/Contents/Home/lib/src.zip!/java.rmi" type="simple" />
            <root url="jar://$USER_HOME$/Library/Java/JavaVirtualMachines/adopt-openj9-11.0.8/Contents/Home/lib/src.zip!/java.sql" type="simple" />
            <root url="jar://$USER_HOME$/Library/Java/JavaVirtualMachines/adopt-openj9-11.0.8/Contents/Home/lib/src.zip!/java.xml" type="simple" />
            <root url="jar://$USER_HOME$/Library/Java/JavaVirtualMachines/adopt-openj9-11.0.8/Contents/Home/lib/src.zip!/jdk.jcmd" type="simple" />
            <root url="jar://$USER_HOME$/Library/Java/JavaVirtualMachines/adopt-openj9-11.0.8/Contents/Home/lib/src.zip!/jdk.pack" type="simple" />
            <root url="jar://$USER_HOME$/Library/Java/JavaVirtualMachines/adopt-openj9-11.0.8/Contents/Home/lib/src.zip!/jdk.rmic" type="simple" />
            <root url="jar://$USER_HOME$/Library/Java/JavaVirtualMachines/adopt-openj9-11.0.8/Contents/Home/lib/src.zip!/jdk.sctp" type="simple" />
            <root url="jar://$USER_HOME$/Library/Java/JavaVirtualMachines/adopt-openj9-11.0.8/Contents/Home/lib/src.zip!/java.base" type="simple" />
            <root url="jar://$USER_HOME$/Library/Java/JavaVirtualMachines/adopt-openj9-11.0.8/Contents/Home/lib/src.zip!/jdk.jdeps" type="simple" />
            <root url="jar://$USER_HOME$/Library/Java/JavaVirtualMachines/adopt-openj9-11.0.8/Contents/Home/lib/src.zip!/jdk.jlink" type="simple" />
            <root url="jar://$USER_HOME$/Library/Java/JavaVirtualMachines/adopt-openj9-11.0.8/Contents/Home/lib/src.zip!/jdk.zipfs" type="simple" />
            <root url="jar://$USER_HOME$/Library/Java/JavaVirtualMachines/adopt-openj9-11.0.8/Contents/Home/lib/src.zip!/java.prefs" type="simple" />
            <root url="jar://$USER_HOME$/Library/Java/JavaVirtualMachines/adopt-openj9-11.0.8/Contents/Home/lib/src.zip!/jdk.attach" type="simple" />
            <root url="jar://$USER_HOME$/Library/Java/JavaVirtualMachines/adopt-openj9-11.0.8/Contents/Home/lib/src.zip!/jdk.jshell" type="simple" />
            <root url="jar://$USER_HOME$/Library/Java/JavaVirtualMachines/adopt-openj9-11.0.8/Contents/Home/lib/src.zip!/openj9.gpu" type="simple" />
            <root url="jar://$USER_HOME$/Library/Java/JavaVirtualMachines/adopt-openj9-11.0.8/Contents/Home/lib/src.zip!/openj9.jvm" type="simple" />
            <root url="jar://$USER_HOME$/Library/Java/JavaVirtualMachines/adopt-openj9-11.0.8/Contents/Home/lib/src.zip!/java.naming" type="simple" />
            <root url="jar://$USER_HOME$/Library/Java/JavaVirtualMachines/adopt-openj9-11.0.8/Contents/Home/lib/src.zip!/jdk.editpad" type="simple" />
            <root url="jar://$USER_HOME$/Library/Java/JavaVirtualMachines/adopt-openj9-11.0.8/Contents/Home/lib/src.zip!/jdk.jartool" type="simple" />
            <root url="jar://$USER_HOME$/Library/Java/JavaVirtualMachines/adopt-openj9-11.0.8/Contents/Home/lib/src.zip!/jdk.javadoc" type="simple" />
            <root url="jar://$USER_HOME$/Library/Java/JavaVirtualMachines/adopt-openj9-11.0.8/Contents/Home/lib/src.zip!/jdk.xml.dom" type="simple" />
            <root url="jar://$USER_HOME$/Library/Java/JavaVirtualMachines/adopt-openj9-11.0.8/Contents/Home/lib/src.zip!/openj9.cuda" type="simple" />
            <root url="jar://$USER_HOME$/Library/Java/JavaVirtualMachines/adopt-openj9-11.0.8/Contents/Home/lib/src.zip!/openj9.dtfj" type="simple" />
            <root url="jar://$USER_HOME$/Library/Java/JavaVirtualMachines/adopt-openj9-11.0.8/Contents/Home/lib/src.zip!/java.desktop" type="simple" />
            <root url="jar://$USER_HOME$/Library/Java/JavaVirtualMachines/adopt-openj9-11.0.8/Contents/Home/lib/src.zip!/java.logging" type="simple" />
            <root url="jar://$USER_HOME$/Library/Java/JavaVirtualMachines/adopt-openj9-11.0.8/Contents/Home/lib/src.zip!/jdk.charsets" type="simple" />
            <root url="jar://$USER_HOME$/Library/Java/JavaVirtualMachines/adopt-openj9-11.0.8/Contents/Home/lib/src.zip!/jdk.compiler" type="simple" />
            <root url="jar://$USER_HOME$/Library/Java/JavaVirtualMachines/adopt-openj9-11.0.8/Contents/Home/lib/src.zip!/jdk.dynalink" type="simple" />
            <root url="jar://$USER_HOME$/Library/Java/JavaVirtualMachines/adopt-openj9-11.0.8/Contents/Home/lib/src.zip!/jdk.jconsole" type="simple" />
            <root url="jar://$USER_HOME$/Library/Java/JavaVirtualMachines/adopt-openj9-11.0.8/Contents/Home/lib/src.zip!/jdk.jsobject" type="simple" />
            <root url="jar://$USER_HOME$/Library/Java/JavaVirtualMachines/adopt-openj9-11.0.8/Contents/Home/lib/src.zip!/java.compiler" type="simple" />
            <root url="jar://$USER_HOME$/Library/Java/JavaVirtualMachines/adopt-openj9-11.0.8/Contents/Home/lib/src.zip!/java.net.http" type="simple" />
            <root url="jar://$USER_HOME$/Library/Java/JavaVirtualMachines/adopt-openj9-11.0.8/Contents/Home/lib/src.zip!/jdk.crypto.ec" type="simple" />
            <root url="jar://$USER_HOME$/Library/Java/JavaVirtualMachines/adopt-openj9-11.0.8/Contents/Home/lib/src.zip!/java.scripting" type="simple" />
            <root url="jar://$USER_HOME$/Library/Java/JavaVirtualMachines/adopt-openj9-11.0.8/Contents/Home/lib/src.zip!/jdk.httpserver" type="simple" />
            <root url="jar://$USER_HOME$/Library/Java/JavaVirtualMachines/adopt-openj9-11.0.8/Contents/Home/lib/src.zip!/jdk.jdwp.agent" type="simple" />
            <root url="jar://$USER_HOME$/Library/Java/JavaVirtualMachines/adopt-openj9-11.0.8/Contents/Home/lib/src.zip!/jdk.localedata" type="simple" />
            <root url="jar://$USER_HOME$/Library/Java/JavaVirtualMachines/adopt-openj9-11.0.8/Contents/Home/lib/src.zip!/jdk.management" type="simple" />
            <root url="jar://$USER_HOME$/Library/Java/JavaVirtualMachines/adopt-openj9-11.0.8/Contents/Home/lib/src.zip!/jdk.naming.dns" type="simple" />
            <root url="jar://$USER_HOME$/Library/Java/JavaVirtualMachines/adopt-openj9-11.0.8/Contents/Home/lib/src.zip!/jdk.naming.rmi" type="simple" />
            <root url="jar://$USER_HOME$/Library/Java/JavaVirtualMachines/adopt-openj9-11.0.8/Contents/Home/lib/src.zip!/java.instrument" type="simple" />
            <root url="jar://$USER_HOME$/Library/Java/JavaVirtualMachines/adopt-openj9-11.0.8/Contents/Home/lib/src.zip!/java.management" type="simple" />
            <root url="jar://$USER_HOME$/Library/Java/JavaVirtualMachines/adopt-openj9-11.0.8/Contents/Home/lib/src.zip!/java.sql.rowset" type="simple" />
            <root url="jar://$USER_HOME$/Library/Java/JavaVirtualMachines/adopt-openj9-11.0.8/Contents/Home/lib/src.zip!/java.xml.crypto" type="simple" />
            <root url="jar://$USER_HOME$/Library/Java/JavaVirtualMachines/adopt-openj9-11.0.8/Contents/Home/lib/src.zip!/jdk.internal.ed" type="simple" />
            <root url="jar://$USER_HOME$/Library/Java/JavaVirtualMachines/adopt-openj9-11.0.8/Contents/Home/lib/src.zip!/jdk.internal.le" type="simple" />
            <root url="jar://$USER_HOME$/Library/Java/JavaVirtualMachines/adopt-openj9-11.0.8/Contents/Home/lib/src.zip!/jdk.unsupported" type="simple" />
            <root url="jar://$USER_HOME$/Library/Java/JavaVirtualMachines/adopt-openj9-11.0.8/Contents/Home/lib/src.zip!/openj9.dtfjview" type="simple" />
            <root url="jar://$USER_HOME$/Library/Java/JavaVirtualMachines/adopt-openj9-11.0.8/Contents/Home/lib/src.zip!/java.smartcardio" type="simple" />
            <root url="jar://$USER_HOME$/Library/Java/JavaVirtualMachines/adopt-openj9-11.0.8/Contents/Home/lib/src.zip!/jdk.internal.opt" type="simple" />
            <root url="jar://$USER_HOME$/Library/Java/JavaVirtualMachines/adopt-openj9-11.0.8/Contents/Home/lib/src.zip!/java.datatransfer" type="simple" />
            <root url="jar://$USER_HOME$/Library/Java/JavaVirtualMachines/adopt-openj9-11.0.8/Contents/Home/lib/src.zip!/jdk.accessibility" type="simple" />
            <root url="jar://$USER_HOME$/Library/Java/JavaVirtualMachines/adopt-openj9-11.0.8/Contents/Home/lib/src.zip!/jdk.security.auth" type="simple" />
            <root url="jar://$USER_HOME$/Library/Java/JavaVirtualMachines/adopt-openj9-11.0.8/Contents/Home/lib/src.zip!/jdk.security.jgss" type="simple" />
            <root url="jar://$USER_HOME$/Library/Java/JavaVirtualMachines/adopt-openj9-11.0.8/Contents/Home/lib/src.zip!/openj9.dataaccess" type="simple" />
            <root url="jar://$USER_HOME$/Library/Java/JavaVirtualMachines/adopt-openj9-11.0.8/Contents/Home/lib/src.zip!/java.security.jgss" type="simple" />
            <root url="jar://$USER_HOME$/Library/Java/JavaVirtualMachines/adopt-openj9-11.0.8/Contents/Home/lib/src.zip!/java.security.sasl" type="simple" />
            <root url="jar://$USER_HOME$/Library/Java/JavaVirtualMachines/adopt-openj9-11.0.8/Contents/Home/lib/src.zip!/openj9.traceformat" type="simple" />
            <root url="jar://$USER_HOME$/Library/Java/JavaVirtualMachines/adopt-openj9-11.0.8/Contents/Home/lib/src.zip!/java.management.rmi" type="simple" />
            <root url="jar://$USER_HOME$/Library/Java/JavaVirtualMachines/adopt-openj9-11.0.8/Contents/Home/lib/src.zip!/java.transaction.xa" type="simple" />
            <root url="jar://$USER_HOME$/Library/Java/JavaVirtualMachines/adopt-openj9-11.0.8/Contents/Home/lib/src.zip!/jdk.crypto.cryptoki" type="simple" />
            <root url="jar://$USER_HOME$/Library/Java/JavaVirtualMachines/adopt-openj9-11.0.8/Contents/Home/lib/src.zip!/jdk.internal.jvmstat" type="simple" />
            <root url="jar://$USER_HOME$/Library/Java/JavaVirtualMachines/adopt-openj9-11.0.8/Contents/Home/lib/src.zip!/jdk.management.agent" type="simple" />
            <root url="jar://$USER_HOME$/Library/Java/JavaVirtualMachines/adopt-openj9-11.0.8/Contents/Home/lib/src.zip!/openj9.sharedclasses" type="simple" />
            <root url="jar://$USER_HOME$/Library/Java/JavaVirtualMachines/adopt-openj9-11.0.8/Contents/Home/lib/src.zip!/jdk.scripting.nashorn" type="simple" />
            <root url="jar://$USER_HOME$/Library/Java/JavaVirtualMachines/adopt-openj9-11.0.8/Contents/Home/lib/src.zip!/jdk.unsupported.desktop" type="simple" />
            <root url="jar://$USER_HOME$/Library/Java/JavaVirtualMachines/adopt-openj9-11.0.8/Contents/Home/lib/src.zip!/jdk.scripting.nashorn.shell" type="simple" />
            <root url="jar://$USER_HOME$/Library/Java/JavaVirtualMachines/adopt-openj9-11.0.8/Contents/Home/lib/src.zip!/openj9.zosconditionhandling" type="simple" />
          </root>
        </sourcePath>
      </roots>
      <additional />
    </jdk>
    <jdk version="2">
      <name value="Python 3.8 (py_script)" />
      <type value="Python SDK" />
      <version value="Python 3.8.6" />
      <homePath value="$USER_HOME$/work/ikea/infrastructure/py_script/venv/bin/python" />
      <roots>
        <annotationsPath>
          <root type="composite" />
        </annotationsPath>
        <classPath>
          <root type="composite">
            <root url="file:///usr/local/Cellar/python@3.8/3.8.6/Frameworks/Python.framework/Versions/3.8/lib/python3.8" type="simple" />
            <root url="file:///usr/local/Cellar/python@3.8/3.8.6/Frameworks/Python.framework/Versions/3.8/lib/python3.8/lib-dynload" type="simple" />
            <root url="file://$USER_HOME$/work/ikea/infrastructure/py_script/venv/lib/python3.8/site-packages" type="simple" />
            <root url="file://$USER_HOME$/Library/Caches/JetBrains/IntelliJIdea2020.2/python_stubs/-355666154" type="simple" />
            <root url="file://$APPLICATION_PLUGINS_DIR$/python/helpers/python-skeletons" type="simple" />
            <root url="file://$APPLICATION_PLUGINS_DIR$/python/helpers/typeshed/stdlib/3.7" type="simple" />
            <root url="file://$APPLICATION_PLUGINS_DIR$/python/helpers/typeshed/stdlib/3" type="simple" />
            <root url="file://$APPLICATION_PLUGINS_DIR$/python/helpers/typeshed/stdlib/2and3" type="simple" />
            <root url="file://$APPLICATION_PLUGINS_DIR$/python/helpers/typeshed/third_party/3" type="simple" />
            <root url="file://$APPLICATION_PLUGINS_DIR$/python/helpers/typeshed/third_party/2and3" type="simple" />
          </root>
        </classPath>
        <javadocPath>
          <root type="composite" />
        </javadocPath>
        <sourcePath>
          <root type="composite" />
        </sourcePath>
      </roots>
      <additional />
    </jdk>
  </component>
</application>