<application>
  <component name="ParameterNameHintsSettings">
    <blacklists>
      <blacklist language="TypeScript">
        <added pattern="scan(accumulator,seed)" />
      </blacklist>
    </blacklists>
    <option id="SHOW_PARAMETER_HINT" value="false" />
    <option id="sql.show.column.names.for.asterisk" value="true" />
    <option id="SHOW_LAMBDA_IMPLICIT_PARAMETER_RECEIVER" value="false" />
    <option id="sql.show.column.names.in.select" value="true" />
    <disabledLanguages>
      <language id="TypeScript" />
    </disabledLanguages>
  </component>
</application>